structure_id,edge_id,source,target,source_source_id,target_source_id,edge_class,boundary_edge,periodic_edge,cell_left,cell_right,cell_count,edge_role_hint
nanotube_zigzag,nanotube_zigzag_n0001--nanotube_zigzag_n0002,nanotube_zigzag_n0001,nanotube_zigzag_n0002,nanotube_zigzag_n0001,nanotube_zigzag_n0002,tube_end_boundary_edge,1,1,nanotube_zigzag_cell_00_00,,1,tube_hex_hex_proxy
nanotube_zigzag,nanotube_zigzag_n0002--nanotube_zigzag_n0003,nanotube_zigzag_n0002,nanotube_zigzag_n0003,nanotube_zigzag_n0002,nanotube_zigzag_n0003,tube_end_boundary_edge,1,1,nanotube_zigzag_cell_00_00,,1,tube_hex_hex_proxy
nanotube_zigzag,nanotube_zigzag_n0003--nanotube_zigzag_n0004,nanotube_zigzag_n0003,nanotube_zigzag_n0004,nanotube_zigzag_n0003,nanotube_zigzag_n0004,circumferential_periodic_join,0,1,nanotube_zigzag_cell_00_00,nanotube_zigzag_cell_00_06,2,tube_hex_hex_proxy
nanotube_zigzag,nanotube_zigzag_n0004--nanotube_zigzag_n0005,nanotube_zigzag_n0004,nanotube_zigzag_n0005,nanotube_zigzag_n0004,nanotube_zigzag_n0005,tube_end_boundary_edge,1,1,nanotube_zigzag_cell_00_00,,1,tube_hex_hex_proxy
nanotube_zigzag,nanotube_zigzag_n0005--nanotube_zigzag_n0006,nanotube_zigzag_n0005,nanotube_zigzag_n0006,nanotube_zigzag_n0005,nanotube_zigzag_n0006,tube_end_boundary_edge,1,1,nanotube_zigzag_cell_00_00,,1,tube_hex_hex_proxy
nanotube_zigzag,nanotube_zigzag_n0001--nanotube_zigzag_n0006,nanotube_zigzag_n0001,nanotube_zigzag_n0006,nanotube_zigzag_n0001,nanotube_zigzag_n0006,circumferential_periodic_join,0,1,nanotube_zigzag_cell_00_00,nanotube_zigzag_cell_00_01,2,tube_hex_hex_proxy
nanotube_zigzag,nanotube_zigzag_n0007--nanotube_zigzag_n0008,nanotube_zigzag_n0007,nanotube_zigzag_n0008,nanotube_zigzag_n0007,nanotube_zigzag_n0008,tube_end_boundary_edge,1,0,nanotube_zigzag_cell_00_01,,1,tube_hex_hex_proxy
nanotube_zigzag,nanotube_zigzag_n0001--nanotube_zigzag_n0008,nanotube_zigzag_n0001,nanotube_zigzag_n0008,nanotube_zigzag_n0001,nanotube_zigzag_n0008,tube_end_boundary_edge,1,0,nanotube_zigzag_cell_00_01,,1,tube_hex_hex_proxy
nanotube_zigzag,nanotube_zigzag_n0006--nanotube_zigzag_n0009,nanotube_zigzag_n0006,nanotube_zigzag_n0009,nanotube_zigzag_n0006,nanotube_zigzag_n0009,tube_end_boundary_edge,1,0,nanotube_zigzag_cell_00_01,,1,tube_hex_hex_proxy
nanotube_zigzag,nanotube_zigzag_n0009--nanotube_zigzag_n0010,nanotube_zigzag_n0009,nanotube_zigzag_n0010,nanotube_zigzag_n0009,nanotube_zigzag_n0010,tube_end_boundary_edge,1,0,nanotube_zigzag_cell_00_01,,1,tube_hex_hex_proxy
nanotube_zigzag,nanotube_zigzag_n0007--nanotube_zigzag_n0010,nanotube_zigzag_n0007,nanotube_zigzag_n0010,nanotube_zigzag_n0007,nanotube_zigzag_n0010,tube_hex_hex_proxy,0,0,nanotube_zigzag_cell_00_01,nanotube_zigzag_cell_00_02,2,tube_hex_hex_proxy
nanotube_zigzag,nanotube_zigzag_n0011--nanotube_zigzag_n0012,nanotube_zigzag_n0011,nanotube_zigzag_n0012,nanotube_zigzag_n0011,nanotube_zigzag_n0012,tube_end_boundary_edge,1,0,nanotube_zigzag_cell_00_02,,1,tube_hex_hex_proxy
nanotube_zigzag,nanotube_zigzag_n0007--nanotube_zigzag_n0012,nanotube_zigzag_n0007,nanotube_zigzag_n0012,nanotube_zigzag_n0007,nanotube_zigzag_n0012,tube_end_boundary_edge,1,0,nanotube_zigzag_cell_00_02,,1,tube_hex_hex_proxy
nanotube_zigzag,nanotube_zigzag_n0010--nanotube_zigzag_n0013,nanotube_zigzag_n0010,nanotube_zigzag_n0013,nanotube_zigzag_n0010,nanotube_zigzag_n0013,tube_end_boundary_edge,1,0,nanotube_zigzag_cell_00_02,,1,tube_hex_hex_proxy
nanotube_zigzag,nanotube_zigzag_n0013--nanotube_zigzag_n0014,nanotube_zigzag_n0013,nanotube_zigzag_n0014,nanotube_zigzag_n0013,nanotube_zigzag_n0014,tube_end_boundary_edge,1,0,nanotube_zigzag_cell_00_02,,1,tube_hex_hex_proxy
nanotube_zigzag,nanotube_zigzag_n0011--nanotube_zigzag_n0014,nanotube_zigzag_n0011,nanotube_zigzag_n0014,nanotube_zigzag_n0011,nanotube_zigzag_n0014,tube_hex_hex_proxy,0,0,nanotube_zigzag_cell_00_02,nanotube_zigzag_cell_00_03,2,tube_hex_hex_proxy
nanotube_zigzag,nanotube_zigzag_n0015--nanotube_zigzag_n0016,nanotube_zigzag_n0015,nanotube_zigzag_n0016,nanotube_zigzag_n0015,nanotube_zigzag_n0016,tube_end_boundary_edge,1,0,nanotube_zigzag_cell_00_03,,1,tube_hex_hex_proxy
nanotube_zigzag,nanotube_zigzag_n0011--nanotube_zigzag_n0016,nanotube_zigzag_n0011,nanotube_zigzag_n0016,nanotube_zigzag_n0011,nanotube_zigzag_n0016,tube_end_boundary_edge,1,0,nanotube_zigzag_cell_00_03,,1,tube_hex_hex_proxy
nanotube_zigzag,nanotube_zigzag_n0014--nanotube_zigzag_n0017,nanotube_zigzag_n0014,nanotube_zigzag_n0017,nanotube_zigzag_n0014,nanotube_zigzag_n0017,tube_end_boundary_edge,1,0,nanotube_zigzag_cell_00_03,,1,tube_hex_hex_proxy
nanotube_zigzag,nanotube_zigzag_n0017--nanotube_zigzag_n0018,nanotube_zigzag_n0017,nanotube_zigzag_n0018,nanotube_zigzag_n0017,nanotube_zigzag_n0018,tube_end_boundary_edge,1,0,nanotube_zigzag_cell_00_03,,1,tube_hex_hex_proxy
nanotube_zigzag,nanotube_zigzag_n0015--nanotube_zigzag_n0018,nanotube_zigzag_n0015,nanotube_zigzag_n0018,nanotube_zigzag_n0015,nanotube_zigzag_n0018,tube_hex_hex_proxy,0,0,nanotube_zigzag_cell_00_03,nanotube_zigzag_cell_00_04,2,tube_hex_hex_proxy
nanotube_zigzag,nanotube_zigzag_n0019--nanotube_zigzag_n0020,nanotube_zigzag_n0019,nanotube_zigzag_n0020,nanotube_zigzag_n0019,nanotube_zigzag_n0020,tube_end_boundary_edge,1,0,nanotube_zigzag_cell_00_04,,1,tube_hex_hex_proxy
nanotube_zigzag,nanotube_zigzag_n0015--nanotube_zigzag_n0020,nanotube_zigzag_n0015,nanotube_zigzag_n0020,nanotube_zigzag_n0015,nanotube_zigzag_n0020,tube_end_boundary_edge,1,0,nanotube_zigzag_cell_00_04,,1,tube_hex_hex_proxy
nanotube_zigzag,nanotube_zigzag_n0018--nanotube_zigzag_n0021,nanotube_zigzag_n0018,nanotube_zigzag_n0021,nanotube_zigzag_n0018,nanotube_zigzag_n0021,tube_end_boundary_edge,1,0,nanotube_zigzag_cell_00_04,,1,tube_hex_hex_proxy
nanotube_zigzag,nanotube_zigzag_n0021--nanotube_zigzag_n0022,nanotube_zigzag_n0021,nanotube_zigzag_n0022,nanotube_zigzag_n0021,nanotube_zigzag_n0022,tube_end_boundary_edge,1,0,nanotube_zigzag_cell_00_04,,1,tube_hex_hex_proxy
nanotube_zigzag,nanotube_zigzag_n0019--nanotube_zigzag_n0022,nanotube_zigzag_n0019,nanotube_zigzag_n0022,nanotube_zigzag_n0019,nanotube_zigzag_n0022,tube_hex_hex_proxy,0,0,nanotube_zigzag_cell_00_04,nanotube_zigzag_cell_00_05,2,tube_hex_hex_proxy
nanotube_zigzag,nanotube_zigzag_n0023--nanotube_zigzag_n0024,nanotube_zigzag_n0023,nanotube_zigzag_n0024,nanotube_zigzag_n0023,nanotube_zigzag_n0024,tube_end_boundary_edge,1,0,nanotube_zigzag_cell_00_05,,1,tube_hex_hex_proxy
nanotube_zigzag,nanotube_zigzag_n0019--nanotube_zigzag_n0024,nanotube_zigzag_n0019,nanotube_zigzag_n0024,nanotube_zigzag_n0019,nanotube_zigzag_n0024,tube_end_boundary_edge,1,0,nanotube_zigzag_cell_00_05,,1,tube_hex_hex_proxy
nanotube_zigzag,nanotube_zigzag_n0022--nanotube_zigzag_n0025,nanotube_zigzag_n0022,nanotube_zigzag_n0025,nanotube_zigzag_n0022,nanotube_zigzag_n0025,tube_end_boundary_edge,1,0,nanotube_zigzag_cell_00_05,,1,tube_hex_hex_proxy
nanotube_zigzag,nanotube_zigzag_n0025--nanotube_zigzag_n0026,nanotube_zigzag_n0025,nanotube_zigzag_n0026,nanotube_zigzag_n0025,nanotube_zigzag_n0026,tube_end_boundary_edge,1,0,nanotube_zigzag_cell_00_05,,1,tube_hex_hex_proxy
nanotube_zigzag,nanotube_zigzag_n0023--nanotube_zigzag_n0026,nanotube_zigzag_n0023,nanotube_zigzag_n0026,nanotube_zigzag_n0023,nanotube_zigzag_n0026,circumferential_periodic_join,0,1,nanotube_zigzag_cell_00_05,nanotube_zigzag_cell_00_06,2,tube_hex_hex_proxy
nanotube_zigzag,nanotube_zigzag_n0003--nanotube_zigzag_n0027,nanotube_zigzag_n0003,nanotube_zigzag_n0027,nanotube_zigzag_n0003,nanotube_zigzag_n0027,tube_end_boundary_edge,1,1,nanotube_zigzag_cell_00_06,,1,tube_hex_hex_proxy
nanotube_zigzag,nanotube_zigzag_n0023--nanotube_zigzag_n0027,nanotube_zigzag_n0023,nanotube_zigzag_n0027,nanotube_zigzag_n0023,nanotube_zigzag_n0027,tube_end_boundary_edge,1,1,nanotube_zigzag_cell_00_06,,1,tube_hex_hex_proxy
nanotube_zigzag,nanotube_zigzag_n0026--nanotube_zigzag_n0028,nanotube_zigzag_n0026,nanotube_zigzag_n0028,nanotube_zigzag_n0026,nanotube_zigzag_n0028,tube_end_boundary_edge,1,1,nanotube_zigzag_cell_00_06,,1,tube_hex_hex_proxy
nanotube_zigzag,nanotube_zigzag_n0004--nanotube_zigzag_n0028,nanotube_zigzag_n0004,nanotube_zigzag_n0028,nanotube_zigzag_n0004,nanotube_zigzag_n0028,tube_end_boundary_edge,1,1,nanotube_zigzag_cell_00_06,,1,tube_hex_hex_proxy
nanotube_zigzag,nanotube_zigzag_n0029--nanotube_zigzag_n0030,nanotube_zigzag_n0029,nanotube_zigzag_n0030,nanotube_zigzag_n0029,nanotube_zigzag_n0030,tube_end_boundary_edge,1,1,nanotube_zigzag_cell_01_00,,1,tube_hex_hex_proxy
nanotube_zigzag,nanotube_zigzag_n0030--nanotube_zigzag_n0031,nanotube_zigzag_n0030,nanotube_zigzag_n0031,nanotube_zigzag_n0030,nanotube_zigzag_n0031,tube_end_boundary_edge,1,1,nanotube_zigzag_cell_01_00,,1,tube_hex_hex_proxy
nanotube_zigzag,nanotube_zigzag_n0031--nanotube_zigzag_n0032,nanotube_zigzag_n0031,nanotube_zigzag_n0032,nanotube_zigzag_n0031,nanotube_zigzag_n0032,circumferential_periodic_join,0,1,nanotube_zigzag_cell_01_00,nanotube_zigzag_cell_01_06,2,tube_hex_hex_proxy
nanotube_zigzag,nanotube_zigzag_n0032--nanotube_zigzag_n0033,nanotube_zigzag_n0032,nanotube_zigzag_n0033,nanotube_zigzag_n0032,nanotube_zigzag_n0033,tube_end_boundary_edge,1,1,nanotube_zigzag_cell_01_00,,1,tube_hex_hex_proxy
nanotube_zigzag,nanotube_zigzag_n0033--nanotube_zigzag_n0034,nanotube_zigzag_n0033,nanotube_zigzag_n0034,nanotube_zigzag_n0033,nanotube_zigzag_n0034,tube_end_boundary_edge,1,1,nanotube_zigzag_cell_01_00,,1,tube_hex_hex_proxy
nanotube_zigzag,nanotube_zigzag_n0029--nanotube_zigzag_n0034,nanotube_zigzag_n0029,nanotube_zigzag_n0034,nanotube_zigzag_n0029,nanotube_zigzag_n0034,circumferential_periodic_join,0,1,nanotube_zigzag_cell_01_00,nanotube_zigzag_cell_01_01,2,tube_hex_hex_proxy
nanotube_zigzag,nanotube_zigzag_n0035--nanotube_zigzag_n0036,nanotube_zigzag_n0035,nanotube_zigzag_n0036,nanotube_zigzag_n0035,nanotube_zigzag_n0036,tube_end_boundary_edge,1,0,nanotube_zigzag_cell_01_01,,1,tube_hex_hex_proxy
nanotube_zigzag,nanotube_zigzag_n0029--nanotube_zigzag_n0036,nanotube_zigzag_n0029,nanotube_zigzag_n0036,nanotube_zigzag_n0029,nanotube_zigzag_n0036,tube_end_boundary_edge,1,0,nanotube_zigzag_cell_01_01,,1,tube_hex_hex_proxy
nanotube_zigzag,nanotube_zigzag_n0034--nanotube_zigzag_n0037,nanotube_zigzag_n0034,nanotube_zigzag_n0037,nanotube_zigzag_n0034,nanotube_zigzag_n0037,tube_end_boundary_edge,1,0,nanotube_zigzag_cell_01_01,,1,tube_hex_hex_proxy
nanotube_zigzag,nanotube_zigzag_n0037--nanotube_zigzag_n0038,nanotube_zigzag_n0037,nanotube_zigzag_n0038,nanotube_zigzag_n0037,nanotube_zigzag_n0038,tube_end_boundary_edge,1,0,nanotube_zigzag_cell_01_01,,1,tube_hex_hex_proxy
nanotube_zigzag,nanotube_zigzag_n0035--nanotube_zigzag_n0038,nanotube_zigzag_n0035,nanotube_zigzag_n0038,nanotube_zigzag_n0035,nanotube_zigzag_n0038,tube_hex_hex_proxy,0,0,nanotube_zigzag_cell_01_01,nanotube_zigzag_cell_01_02,2,tube_hex_hex_proxy
nanotube_zigzag,nanotube_zigzag_n0039--nanotube_zigzag_n0040,nanotube_zigzag_n0039,nanotube_zigzag_n0040,nanotube_zigzag_n0039,nanotube_zigzag_n0040,tube_end_boundary_edge,1,0,nanotube_zigzag_cell_01_02,,1,tube_hex_hex_proxy
nanotube_zigzag,nanotube_zigzag_n0035--nanotube_zigzag_n0040,nanotube_zigzag_n0035,nanotube_zigzag_n0040,nanotube_zigzag_n0035,nanotube_zigzag_n0040,tube_end_boundary_edge,1,0,nanotube_zigzag_cell_01_02,,1,tube_hex_hex_proxy
nanotube_zigzag,nanotube_zigzag_n0038--nanotube_zigzag_n0041,nanotube_zigzag_n0038,nanotube_zigzag_n0041,nanotube_zigzag_n0038,nanotube_zigzag_n0041,tube_end_boundary_edge,1,0,nanotube_zigzag_cell_01_02,,1,tube_hex_hex_proxy
nanotube_zigzag,nanotube_zigzag_n0041--nanotube_zigzag_n0042,nanotube_zigzag_n0041,nanotube_zigzag_n0042,nanotube_zigzag_n0041,nanotube_zigzag_n0042,tube_end_boundary_edge,1,0,nanotube_zigzag_cell_01_02,,1,tube_hex_hex_proxy
nanotube_zigzag,nanotube_zigzag_n0039--nanotube_zigzag_n0042,nanotube_zigzag_n0039,nanotube_zigzag_n0042,nanotube_zigzag_n0039,nanotube_zigzag_n0042,tube_hex_hex_proxy,0,0,nanotube_zigzag_cell_01_02,nanotube_zigzag_cell_01_03,2,tube_hex_hex_proxy
nanotube_zigzag,nanotube_zigzag_n0043--nanotube_zigzag_n0044,nanotube_zigzag_n0043,nanotube_zigzag_n0044,nanotube_zigzag_n0043,nanotube_zigzag_n0044,tube_end_boundary_edge,1,0,nanotube_zigzag_cell_01_03,,1,tube_hex_hex_proxy
nanotube_zigzag,nanotube_zigzag_n0039--nanotube_zigzag_n0044,nanotube_zigzag_n0039,nanotube_zigzag_n0044,nanotube_zigzag_n0039,nanotube_zigzag_n0044,tube_end_boundary_edge,1,0,nanotube_zigzag_cell_01_03,,1,tube_hex_hex_proxy
nanotube_zigzag,nanotube_zigzag_n0042--nanotube_zigzag_n0045,nanotube_zigzag_n0042,nanotube_zigzag_n0045,nanotube_zigzag_n0042,nanotube_zigzag_n0045,tube_end_boundary_edge,1,0,nanotube_zigzag_cell_01_03,,1,tube_hex_hex_proxy
nanotube_zigzag,nanotube_zigzag_n0045--nanotube_zigzag_n0046,nanotube_zigzag_n0045,nanotube_zigzag_n0046,nanotube_zigzag_n0045,nanotube_zigzag_n0046,tube_end_boundary_edge,1,0,nanotube_zigzag_cell_01_03,,1,tube_hex_hex_proxy
nanotube_zigzag,nanotube_zigzag_n0043--nanotube_zigzag_n0046,nanotube_zigzag_n0043,nanotube_zigzag_n0046,nanotube_zigzag_n0043,nanotube_zigzag_n0046,tube_hex_hex_proxy,0,0,nanotube_zigzag_cell_01_03,nanotube_zigzag_cell_01_04,2,tube_hex_hex_proxy
nanotube_zigzag,nanotube_zigzag_n0047--nanotube_zigzag_n0048,nanotube_zigzag_n0047,nanotube_zigzag_n0048,nanotube_zigzag_n0047,nanotube_zigzag_n0048,tube_end_boundary_edge,1,0,nanotube_zigzag_cell_01_04,,1,tube_hex_hex_proxy
nanotube_zigzag,nanotube_zigzag_n0043--nanotube_zigzag_n0048,nanotube_zigzag_n0043,nanotube_zigzag_n0048,nanotube_zigzag_n0043,nanotube_zigzag_n0048,tube_end_boundary_edge,1,0,nanotube_zigzag_cell_01_04,,1,tube_hex_hex_proxy
nanotube_zigzag,nanotube_zigzag_n0046--nanotube_zigzag_n0049,nanotube_zigzag_n0046,nanotube_zigzag_n0049,nanotube_zigzag_n0046,nanotube_zigzag_n0049,tube_end_boundary_edge,1,0,nanotube_zigzag_cell_01_04,,1,tube_hex_hex_proxy
nanotube_zigzag,nanotube_zigzag_n0049--nanotube_zigzag_n0050,nanotube_zigzag_n0049,nanotube_zigzag_n0050,nanotube_zigzag_n0049,nanotube_zigzag_n0050,tube_end_boundary_edge,1,0,nanotube_zigzag_cell_01_04,,1,tube_hex_hex_proxy
nanotube_zigzag,nanotube_zigzag_n0047--nanotube_zigzag_n0050,nanotube_zigzag_n0047,nanotube_zigzag_n0050,nanotube_zigzag_n0047,nanotube_zigzag_n0050,tube_hex_hex_proxy,0,0,nanotube_zigzag_cell_01_04,nanotube_zigzag_cell_01_05,2,tube_hex_hex_proxy
nanotube_zigzag,nanotube_zigzag_n0051--nanotube_zigzag_n0052,nanotube_zigzag_n0051,nanotube_zigzag_n0052,nanotube_zigzag_n0051,nanotube_zigzag_n0052,tube_end_boundary_edge,1,0,nanotube_zigzag_cell_01_05,,1,tube_hex_hex_proxy
nanotube_zigzag,nanotube_zigzag_n0047--nanotube_zigzag_n0052,nanotube_zigzag_n0047,nanotube_zigzag_n0052,nanotube_zigzag_n0047,nanotube_zigzag_n0052,tube_end_boundary_edge,1,0,nanotube_zigzag_cell_01_05,,1,tube_hex_hex_proxy
nanotube_zigzag,nanotube_zigzag_n0050--nanotube_zigzag_n0053,nanotube_zigzag_n0050,nanotube_zigzag_n0053,nanotube_zigzag_n0050,nanotube_zigzag_n0053,tube_end_boundary_edge,1,0,nanotube_zigzag_cell_01_05,,1,tube_hex_hex_proxy
nanotube_zigzag,nanotube_zigzag_n0053--nanotube_zigzag_n0054,nanotube_zigzag_n0053,nanotube_zigzag_n0054,nanotube_zigzag_n0053,nanotube_zigzag_n0054,tube_end_boundary_edge,1,0,nanotube_zigzag_cell_01_05,,1,tube_hex_hex_proxy
nanotube_zigzag,nanotube_zigzag_n0051--nanotube_zigzag_n0054,nanotube_zigzag_n0051,nanotube_zigzag_n0054,nanotube_zigzag_n0051,nanotube_zigzag_n0054,circumferential_periodic_join,0,1,nanotube_zigzag_cell_01_05,nanotube_zigzag_cell_01_06,2,tube_hex_hex_proxy
nanotube_zigzag,nanotube_zigzag_n0031--nanotube_zigzag_n0055,nanotube_zigzag_n0031,nanotube_zigzag_n0055,nanotube_zigzag_n0031,nanotube_zigzag_n0055,tube_end_boundary_edge,1,1,nanotube_zigzag_cell_01_06,,1,tube_hex_hex_proxy
nanotube_zigzag,nanotube_zigzag_n0051--nanotube_zigzag_n0055,nanotube_zigzag_n0051,nanotube_zigzag_n0055,nanotube_zigzag_n0051,nanotube_zigzag_n0055,tube_end_boundary_edge,1,1,nanotube_zigzag_cell_01_06,,1,tube_hex_hex_proxy
nanotube_zigzag,nanotube_zigzag_n0054--nanotube_zigzag_n0056,nanotube_zigzag_n0054,nanotube_zigzag_n0056,nanotube_zigzag_n0054,nanotube_zigzag_n0056,tube_end_boundary_edge,1,1,nanotube_zigzag_cell_01_06,,1,tube_hex_hex_proxy
nanotube_zigzag,nanotube_zigzag_n0032--nanotube_zigzag_n0056,nanotube_zigzag_n0032,nanotube_zigzag_n0056,nanotube_zigzag_n0032,nanotube_zigzag_n0056,tube_end_boundary_edge,1,1,nanotube_zigzag_cell_01_06,,1,tube_hex_hex_proxy
nanotube_zigzag,nanotube_zigzag_n0057--nanotube_zigzag_n0058,nanotube_zigzag_n0057,nanotube_zigzag_n0058,nanotube_zigzag_n0057,nanotube_zigzag_n0058,tube_end_boundary_edge,1,1,nanotube_zigzag_cell_02_00,,1,tube_hex_hex_proxy
nanotube_zigzag,nanotube_zigzag_n0058--nanotube_zigzag_n0059,nanotube_zigzag_n0058,nanotube_zigzag_n0059,nanotube_zigzag_n0058,nanotube_zigzag_n0059,tube_end_boundary_edge,1,1,nanotube_zigzag_cell_02_00,,1,tube_hex_hex_proxy
nanotube_zigzag,nanotube_zigzag_n0059--nanotube_zigzag_n0060,nanotube_zigzag_n0059,nanotube_zigzag_n0060,nanotube_zigzag_n0059,nanotube_zigzag_n0060,circumferential_periodic_join,0,1,nanotube_zigzag_cell_02_00,nanotube_zigzag_cell_02_06,2,tube_hex_hex_proxy
nanotube_zigzag,nanotube_zigzag_n0060--nanotube_zigzag_n0061,nanotube_zigzag_n0060,nanotube_zigzag_n0061,nanotube_zigzag_n0060,nanotube_zigzag_n0061,tube_end_boundary_edge,1,1,nanotube_zigzag_cell_02_00,,1,tube_hex_hex_proxy
nanotube_zigzag,nanotube_zigzag_n0061--nanotube_zigzag_n0062,nanotube_zigzag_n0061,nanotube_zigzag_n0062,nanotube_zigzag_n0061,nanotube_zigzag_n0062,tube_end_boundary_edge,1,1,nanotube_zigzag_cell_02_00,,1,tube_hex_hex_proxy
nanotube_zigzag,nanotube_zigzag_n0057--nanotube_zigzag_n0062,nanotube_zigzag_n0057,nanotube_zigzag_n0062,nanotube_zigzag_n0057,nanotube_zigzag_n0062,circumferential_periodic_join,0,1,nanotube_zigzag_cell_02_00,nanotube_zigzag_cell_02_01,2,tube_hex_hex_proxy
nanotube_zigzag,nanotube_zigzag_n0063--nanotube_zigzag_n0064,nanotube_zigzag_n0063,nanotube_zigzag_n0064,nanotube_zigzag_n0063,nanotube_zigzag_n0064,tube_end_boundary_edge,1,0,nanotube_zigzag_cell_02_01,,1,tube_hex_hex_proxy
nanotube_zigzag,nanotube_zigzag_n0057--nanotube_zigzag_n0064,nanotube_zigzag_n0057,nanotube_zigzag_n0064,nanotube_zigzag_n0057,nanotube_zigzag_n0064,tube_end_boundary_edge,1,0,nanotube_zigzag_cell_02_01,,1,tube_hex_hex_proxy
nanotube_zigzag,nanotube_zigzag_n0062--nanotube_zigzag_n0065,nanotube_zigzag_n0062,nanotube_zigzag_n0065,nanotube_zigzag_n0062,nanotube_zigzag_n0065,tube_end_boundary_edge,1,0,nanotube_zigzag_cell_02_01,,1,tube_hex_hex_proxy
nanotube_zigzag,nanotube_zigzag_n0065--nanotube_zigzag_n0066,nanotube_zigzag_n0065,nanotube_zigzag_n0066,nanotube_zigzag_n0065,nanotube_zigzag_n0066,tube_end_boundary_edge,1,0,nanotube_zigzag_cell_02_01,,1,tube_hex_hex_proxy
nanotube_zigzag,nanotube_zigzag_n0063--nanotube_zigzag_n0066,nanotube_zigzag_n0063,nanotube_zigzag_n0066,nanotube_zigzag_n0063,nanotube_zigzag_n0066,tube_hex_hex_proxy,0,0,nanotube_zigzag_cell_02_01,nanotube_zigzag_cell_02_02,2,tube_hex_hex_proxy
nanotube_zigzag,nanotube_zigzag_n0067--nanotube_zigzag_n0068,nanotube_zigzag_n0067,nanotube_zigzag_n0068,nanotube_zigzag_n0067,nanotube_zigzag_n0068,tube_end_boundary_edge,1,0,nanotube_zigzag_cell_02_02,,1,tube_hex_hex_proxy
nanotube_zigzag,nanotube_zigzag_n0063--nanotube_zigzag_n0068,nanotube_zigzag_n0063,nanotube_zigzag_n0068,nanotube_zigzag_n0063,nanotube_zigzag_n0068,tube_end_boundary_edge,1,0,nanotube_zigzag_cell_02_02,,1,tube_hex_hex_proxy
nanotube_zigzag,nanotube_zigzag_n0066--nanotube_zigzag_n0069,nanotube_zigzag_n0066,nanotube_zigzag_n0069,nanotube_zigzag_n0066,nanotube_zigzag_n0069,tube_end_boundary_edge,1,0,nanotube_zigzag_cell_02_02,,1,tube_hex_hex_proxy
nanotube_zigzag,nanotube_zigzag_n0069--nanotube_zigzag_n0070,nanotube_zigzag_n0069,nanotube_zigzag_n0070,nanotube_zigzag_n0069,nanotube_zigzag_n0070,tube_end_boundary_edge,1,0,nanotube_zigzag_cell_02_02,,1,tube_hex_hex_proxy
nanotube_zigzag,nanotube_zigzag_n0067--nanotube_zigzag_n0070,nanotube_zigzag_n0067,nanotube_zigzag_n0070,nanotube_zigzag_n0067,nanotube_zigzag_n0070,tube_hex_hex_proxy,0,0,nanotube_zigzag_cell_02_02,nanotube_zigzag_cell_02_03,2,tube_hex_hex_proxy
nanotube_zigzag,nanotube_zigzag_n0071--nanotube_zigzag_n0072,nanotube_zigzag_n0071,nanotube_zigzag_n0072,nanotube_zigzag_n0071,nanotube_zigzag_n0072,tube_end_boundary_edge,1,0,nanotube_zigzag_cell_02_03,,1,tube_hex_hex_proxy
nanotube_zigzag,nanotube_zigzag_n0067--nanotube_zigzag_n0072,nanotube_zigzag_n0067,nanotube_zigzag_n0072,nanotube_zigzag_n0067,nanotube_zigzag_n0072,tube_end_boundary_edge,1,0,nanotube_zigzag_cell_02_03,,1,tube_hex_hex_proxy
nanotube_zigzag,nanotube_zigzag_n0070--nanotube_zigzag_n0073,nanotube_zigzag_n0070,nanotube_zigzag_n0073,nanotube_zigzag_n0070,nanotube_zigzag_n0073,tube_end_boundary_edge,1,0,nanotube_zigzag_cell_02_03,,1,tube_hex_hex_proxy
nanotube_zigzag,nanotube_zigzag_n0073--nanotube_zigzag_n0074,nanotube_zigzag_n0073,nanotube_zigzag_n0074,nanotube_zigzag_n0073,nanotube_zigzag_n0074,tube_end_boundary_edge,1,0,nanotube_zigzag_cell_02_03,,1,tube_hex_hex_proxy
nanotube_zigzag,nanotube_zigzag_n0071--nanotube_zigzag_n0074,nanotube_zigzag_n0071,nanotube_zigzag_n0074,nanotube_zigzag_n0071,nanotube_zigzag_n0074,tube_hex_hex_proxy,0,0,nanotube_zigzag_cell_02_03,nanotube_zigzag_cell_02_04,2,tube_hex_hex_proxy
nanotube_zigzag,nanotube_zigzag_n0075--nanotube_zigzag_n0076,nanotube_zigzag_n0075,nanotube_zigzag_n0076,nanotube_zigzag_n0075,nanotube_zigzag_n0076,tube_end_boundary_edge,1,0,nanotube_zigzag_cell_02_04,,1,tube_hex_hex_proxy
nanotube_zigzag,nanotube_zigzag_n0071--nanotube_zigzag_n0076,nanotube_zigzag_n0071,nanotube_zigzag_n0076,nanotube_zigzag_n0071,nanotube_zigzag_n0076,tube_end_boundary_edge,1,0,nanotube_zigzag_cell_02_04,,1,tube_hex_hex_proxy
nanotube_zigzag,nanotube_zigzag_n0074--nanotube_zigzag_n0077,nanotube_zigzag_n0074,nanotube_zigzag_n0077,nanotube_zigzag_n0074,nanotube_zigzag_n0077,tube_end_boundary_edge,1,0,nanotube_zigzag_cell_02_04,,1,tube_hex_hex_proxy
nanotube_zigzag,nanotube_zigzag_n0077--nanotube_zigzag_n0078,nanotube_zigzag_n0077,nanotube_zigzag_n0078,nanotube_zigzag_n0077,nanotube_zigzag_n0078,tube_end_boundary_edge,1,0,nanotube_zigzag_cell_02_04,,1,tube_hex_hex_proxy
nanotube_zigzag,nanotube_zigzag_n0075--nanotube_zigzag_n0078,nanotube_zigzag_n0075,nanotube_zigzag_n0078,nanotube_zigzag_n0075,nanotube_zigzag_n0078,tube_hex_hex_proxy,0,0,nanotube_zigzag_cell_02_04,nanotube_zigzag_cell_02_05,2,tube_hex_hex_proxy
nanotube_zigzag,nanotube_zigzag_n0079--nanotube_zigzag_n0080,nanotube_zigzag_n0079,nanotube_zigzag_n0080,nanotube_zigzag_n0079,nanotube_zigzag_n0080,tube_end_boundary_edge,1,0,nanotube_zigzag_cell_02_05,,1,tube_hex_hex_proxy
nanotube_zigzag,nanotube_zigzag_n0075--nanotube_zigzag_n0080,nanotube_zigzag_n0075,nanotube_zigzag_n0080,nanotube_zigzag_n0075,nanotube_zigzag_n0080,tube_end_boundary_edge,1,0,nanotube_zigzag_cell_02_05,,1,tube_hex_hex_proxy
nanotube_zigzag,nanotube_zigzag_n0078--nanotube_zigzag_n0081,nanotube_zigzag_n0078,nanotube_zigzag_n0081,nanotube_zigzag_n0078,nanotube_zigzag_n0081,tube_end_boundary_edge,1,0,nanotube_zigzag_cell_02_05,,1,tube_hex_hex_proxy
nanotube_zigzag,nanotube_zigzag_n0081--nanotube_zigzag_n0082,nanotube_zigzag_n0081,nanotube_zigzag_n0082,nanotube_zigzag_n0081,nanotube_zigzag_n0082,tube_end_boundary_edge,1,0,nanotube_zigzag_cell_02_05,,1,tube_hex_hex_proxy
nanotube_zigzag,nanotube_zigzag_n0079--nanotube_zigzag_n0082,nanotube_zigzag_n0079,nanotube_zigzag_n0082,nanotube_zigzag_n0079,nanotube_zigzag_n0082,circumferential_periodic_join,0,1,nanotube_zigzag_cell_02_05,nanotube_zigzag_cell_02_06,2,tube_hex_hex_proxy
nanotube_zigzag,nanotube_zigzag_n0059--nanotube_zigzag_n0083,nanotube_zigzag_n0059,nanotube_zigzag_n0083,nanotube_zigzag_n0059,nanotube_zigzag_n0083,tube_end_boundary_edge,1,1,nanotube_zigzag_cell_02_06,,1,tube_hex_hex_proxy
nanotube_zigzag,nanotube_zigzag_n0079--nanotube_zigzag_n0083,nanotube_zigzag_n0079,nanotube_zigzag_n0083,nanotube_zigzag_n0079,nanotube_zigzag_n0083,tube_end_boundary_edge,1,1,nanotube_zigzag_cell_02_06,,1,tube_hex_hex_proxy
nanotube_zigzag,nanotube_zigzag_n0082--nanotube_zigzag_n0084,nanotube_zigzag_n0082,nanotube_zigzag_n0084,nanotube_zigzag_n0082,nanotube_zigzag_n0084,tube_end_boundary_edge,1,1,nanotube_zigzag_cell_02_06,,1,tube_hex_hex_proxy
nanotube_zigzag,nanotube_zigzag_n0060--nanotube_zigzag_n0084,nanotube_zigzag_n0060,nanotube_zigzag_n0084,nanotube_zigzag_n0060,nanotube_zigzag_n0084,tube_end_boundary_edge,1,1,nanotube_zigzag_cell_02_06,,1,tube_hex_hex_proxy
nanotube_zigzag,nanotube_zigzag_n0085--nanotube_zigzag_n0086,nanotube_zigzag_n0085,nanotube_zigzag_n0086,nanotube_zigzag_n0085,nanotube_zigzag_n0086,tube_end_boundary_edge,1,1,nanotube_zigzag_cell_03_00,,1,tube_hex_hex_proxy
nanotube_zigzag,nanotube_zigzag_n0086--nanotube_zigzag_n0087,nanotube_zigzag_n0086,nanotube_zigzag_n0087,nanotube_zigzag_n0086,nanotube_zigzag_n0087,tube_end_boundary_edge,1,1,nanotube_zigzag_cell_03_00,,1,tube_hex_hex_proxy
nanotube_zigzag,nanotube_zigzag_n0087--nanotube_zigzag_n0088,nanotube_zigzag_n0087,nanotube_zigzag_n0088,nanotube_zigzag_n0087,nanotube_zigzag_n0088,circumferential_periodic_join,0,1,nanotube_zigzag_cell_03_00,nanotube_zigzag_cell_03_06,2,tube_hex_hex_proxy
nanotube_zigzag,nanotube_zigzag_n0088--nanotube_zigzag_n0089,nanotube_zigzag_n0088,nanotube_zigzag_n0089,nanotube_zigzag_n0088,nanotube_zigzag_n0089,tube_end_boundary_edge,1,1,nanotube_zigzag_cell_03_00,,1,tube_hex_hex_proxy
nanotube_zigzag,nanotube_zigzag_n0089--nanotube_zigzag_n0090,nanotube_zigzag_n0089,nanotube_zigzag_n0090,nanotube_zigzag_n0089,nanotube_zigzag_n0090,tube_end_boundary_edge,1,1,nanotube_zigzag_cell_03_00,,1,tube_hex_hex_proxy
nanotube_zigzag,nanotube_zigzag_n0085--nanotube_zigzag_n0090,nanotube_zigzag_n0085,nanotube_zigzag_n0090,nanotube_zigzag_n0085,nanotube_zigzag_n0090,circumferential_periodic_join,0,1,nanotube_zigzag_cell_03_00,nanotube_zigzag_cell_03_01,2,tube_hex_hex_proxy
nanotube_zigzag,nanotube_zigzag_n0091--nanotube_zigzag_n0092,nanotube_zigzag_n0091,nanotube_zigzag_n0092,nanotube_zigzag_n0091,nanotube_zigzag_n0092,tube_end_boundary_edge,1,0,nanotube_zigzag_cell_03_01,,1,tube_hex_hex_proxy
nanotube_zigzag,nanotube_zigzag_n0085--nanotube_zigzag_n0092,nanotube_zigzag_n0085,nanotube_zigzag_n0092,nanotube_zigzag_n0085,nanotube_zigzag_n0092,tube_end_boundary_edge,1,0,nanotube_zigzag_cell_03_01,,1,tube_hex_hex_proxy
nanotube_zigzag,nanotube_zigzag_n0090--nanotube_zigzag_n0093,nanotube_zigzag_n0090,nanotube_zigzag_n0093,nanotube_zigzag_n0090,nanotube_zigzag_n0093,tube_end_boundary_edge,1,0,nanotube_zigzag_cell_03_01,,1,tube_hex_hex_proxy
nanotube_zigzag,nanotube_zigzag_n0093--nanotube_zigzag_n0094,nanotube_zigzag_n0093,nanotube_zigzag_n0094,nanotube_zigzag_n0093,nanotube_zigzag_n0094,tube_end_boundary_edge,1,0,nanotube_zigzag_cell_03_01,,1,tube_hex_hex_proxy
nanotube_zigzag,nanotube_zigzag_n0091--nanotube_zigzag_n0094,nanotube_zigzag_n0091,nanotube_zigzag_n0094,nanotube_zigzag_n0091,nanotube_zigzag_n0094,tube_hex_hex_proxy,0,0,nanotube_zigzag_cell_03_01,nanotube_zigzag_cell_03_02,2,tube_hex_hex_proxy
nanotube_zigzag,nanotube_zigzag_n0095--nanotube_zigzag_n0096,nanotube_zigzag_n0095,nanotube_zigzag_n0096,nanotube_zigzag_n0095,nanotube_zigzag_n0096,tube_end_boundary_edge,1,0,nanotube_zigzag_cell_03_02,,1,tube_hex_hex_proxy
nanotube_zigzag,nanotube_zigzag_n0091--nanotube_zigzag_n0096,nanotube_zigzag_n0091,nanotube_zigzag_n0096,nanotube_zigzag_n0091,nanotube_zigzag_n0096,tube_end_boundary_edge,1,0,nanotube_zigzag_cell_03_02,,1,tube_hex_hex_proxy
nanotube_zigzag,nanotube_zigzag_n0094--nanotube_zigzag_n0097,nanotube_zigzag_n0094,nanotube_zigzag_n0097,nanotube_zigzag_n0094,nanotube_zigzag_n0097,tube_end_boundary_edge,1,0,nanotube_zigzag_cell_03_02,,1,tube_hex_hex_proxy
nanotube_zigzag,nanotube_zigzag_n0097--nanotube_zigzag_n0098,nanotube_zigzag_n0097,nanotube_zigzag_n0098,nanotube_zigzag_n0097,nanotube_zigzag_n0098,tube_end_boundary_edge,1,0,nanotube_zigzag_cell_03_02,,1,tube_hex_hex_proxy
nanotube_zigzag,nanotube_zigzag_n0095--nanotube_zigzag_n0098,nanotube_zigzag_n0095,nanotube_zigzag_n0098,nanotube_zigzag_n0095,nanotube_zigzag_n0098,tube_hex_hex_proxy,0,0,nanotube_zigzag_cell_03_02,nanotube_zigzag_cell_03_03,2,tube_hex_hex_proxy
nanotube_zigzag,nanotube_zigzag_n0099--nanotube_zigzag_n0100,nanotube_zigzag_n0099,nanotube_zigzag_n0100,nanotube_zigzag_n0099,nanotube_zigzag_n0100,tube_end_boundary_edge,1,0,nanotube_zigzag_cell_03_03,,1,tube_hex_hex_proxy
nanotube_zigzag,nanotube_zigzag_n0095--nanotube_zigzag_n0100,nanotube_zigzag_n0095,nanotube_zigzag_n0100,nanotube_zigzag_n0095,nanotube_zigzag_n0100,tube_end_boundary_edge,1,0,nanotube_zigzag_cell_03_03,,1,tube_hex_hex_proxy
nanotube_zigzag,nanotube_zigzag_n0098--nanotube_zigzag_n0101,nanotube_zigzag_n0098,nanotube_zigzag_n0101,nanotube_zigzag_n0098,nanotube_zigzag_n0101,tube_end_boundary_edge,1,0,nanotube_zigzag_cell_03_03,,1,tube_hex_hex_proxy
nanotube_zigzag,nanotube_zigzag_n0101--nanotube_zigzag_n0102,nanotube_zigzag_n0101,nanotube_zigzag_n0102,nanotube_zigzag_n0101,nanotube_zigzag_n0102,tube_end_boundary_edge,1,0,nanotube_zigzag_cell_03_03,,1,tube_hex_hex_proxy
nanotube_zigzag,nanotube_zigzag_n0099--nanotube_zigzag_n0102,nanotube_zigzag_n0099,nanotube_zigzag_n0102,nanotube_zigzag_n0099,nanotube_zigzag_n0102,tube_hex_hex_proxy,0,0,nanotube_zigzag_cell_03_03,nanotube_zigzag_cell_03_04,2,tube_hex_hex_proxy
nanotube_zigzag,nanotube_zigzag_n0103--nanotube_zigzag_n0104,nanotube_zigzag_n0103,nanotube_zigzag_n0104,nanotube_zigzag_n0103,nanotube_zigzag_n0104,tube_end_boundary_edge,1,0,nanotube_zigzag_cell_03_04,,1,tube_hex_hex_proxy
nanotube_zigzag,nanotube_zigzag_n0099--nanotube_zigzag_n0104,nanotube_zigzag_n0099,nanotube_zigzag_n0104,nanotube_zigzag_n0099,nanotube_zigzag_n0104,tube_end_boundary_edge,1,0,nanotube_zigzag_cell_03_04,,1,tube_hex_hex_proxy
nanotube_zigzag,nanotube_zigzag_n0102--nanotube_zigzag_n0105,nanotube_zigzag_n0102,nanotube_zigzag_n0105,nanotube_zigzag_n0102,nanotube_zigzag_n0105,tube_end_boundary_edge,1,0,nanotube_zigzag_cell_03_04,,1,tube_hex_hex_proxy
nanotube_zigzag,nanotube_zigzag_n0105--nanotube_zigzag_n0106,nanotube_zigzag_n0105,nanotube_zigzag_n0106,nanotube_zigzag_n0105,nanotube_zigzag_n0106,tube_end_boundary_edge,1,0,nanotube_zigzag_cell_03_04,,1,tube_hex_hex_proxy
nanotube_zigzag,nanotube_zigzag_n0103--nanotube_zigzag_n0106,nanotube_zigzag_n0103,nanotube_zigzag_n0106,nanotube_zigzag_n0103,nanotube_zigzag_n0106,tube_hex_hex_proxy,0,0,nanotube_zigzag_cell_03_04,nanotube_zigzag_cell_03_05,2,tube_hex_hex_proxy
nanotube_zigzag,nanotube_zigzag_n0107--nanotube_zigzag_n0108,nanotube_zigzag_n0107,nanotube_zigzag_n0108,nanotube_zigzag_n0107,nanotube_zigzag_n0108,tube_end_boundary_edge,1,0,nanotube_zigzag_cell_03_05,,1,tube_hex_hex_proxy
nanotube_zigzag,nanotube_zigzag_n0103--nanotube_zigzag_n0108,nanotube_zigzag_n0103,nanotube_zigzag_n0108,nanotube_zigzag_n0103,nanotube_zigzag_n0108,tube_end_boundary_edge,1,0,nanotube_zigzag_cell_03_05,,1,tube_hex_hex_proxy
nanotube_zigzag,nanotube_zigzag_n0106--nanotube_zigzag_n0109,nanotube_zigzag_n0106,nanotube_zigzag_n0109,nanotube_zigzag_n0106,nanotube_zigzag_n0109,tube_end_boundary_edge,1,0,nanotube_zigzag_cell_03_05,,1,tube_hex_hex_proxy
nanotube_zigzag,nanotube_zigzag_n0109--nanotube_zigzag_n0110,nanotube_zigzag_n0109,nanotube_zigzag_n0110,nanotube_zigzag_n0109,nanotube_zigzag_n0110,tube_end_boundary_edge,1,0,nanotube_zigzag_cell_03_05,,1,tube_hex_hex_proxy
nanotube_zigzag,nanotube_zigzag_n0107--nanotube_zigzag_n0110,nanotube_zigzag_n0107,nanotube_zigzag_n0110,nanotube_zigzag_n0107,nanotube_zigzag_n0110,circumferential_periodic_join,0,1,nanotube_zigzag_cell_03_05,nanotube_zigzag_cell_03_06,2,tube_hex_hex_proxy
nanotube_zigzag,nanotube_zigzag_n0087--nanotube_zigzag_n0111,nanotube_zigzag_n0087,nanotube_zigzag_n0111,nanotube_zigzag_n0087,nanotube_zigzag_n0111,tube_end_boundary_edge,1,1,nanotube_zigzag_cell_03_06,,1,tube_hex_hex_proxy
nanotube_zigzag,nanotube_zigzag_n0107--nanotube_zigzag_n0111,nanotube_zigzag_n0107,nanotube_zigzag_n0111,nanotube_zigzag_n0107,nanotube_zigzag_n0111,tube_end_boundary_edge,1,1,nanotube_zigzag_cell_03_06,,1,tube_hex_hex_proxy
nanotube_zigzag,nanotube_zigzag_n0110--nanotube_zigzag_n0112,nanotube_zigzag_n0110,nanotube_zigzag_n0112,nanotube_zigzag_n0110,nanotube_zigzag_n0112,tube_end_boundary_edge,1,1,nanotube_zigzag_cell_03_06,,1,tube_hex_hex_proxy
nanotube_zigzag,nanotube_zigzag_n0088--nanotube_zigzag_n0112,nanotube_zigzag_n0088,nanotube_zigzag_n0112,nanotube_zigzag_n0088,nanotube_zigzag_n0112,tube_end_boundary_edge,1,1,nanotube_zigzag_cell_03_06,,1,tube_hex_hex_proxy
nanotube_zigzag,nanotube_zigzag_n0113--nanotube_zigzag_n0114,nanotube_zigzag_n0113,nanotube_zigzag_n0114,nanotube_zigzag_n0113,nanotube_zigzag_n0114,tube_end_boundary_edge,1,1,nanotube_zigzag_cell_04_00,,1,tube_hex_hex_proxy
nanotube_zigzag,nanotube_zigzag_n0114--nanotube_zigzag_n0115,nanotube_zigzag_n0114,nanotube_zigzag_n0115,nanotube_zigzag_n0114,nanotube_zigzag_n0115,tube_end_boundary_edge,1,1,nanotube_zigzag_cell_04_00,,1,tube_hex_hex_proxy
nanotube_zigzag,nanotube_zigzag_n0115--nanotube_zigzag_n0116,nanotube_zigzag_n0115,nanotube_zigzag_n0116,nanotube_zigzag_n0115,nanotube_zigzag_n0116,circumferential_periodic_join,0,1,nanotube_zigzag_cell_04_00,nanotube_zigzag_cell_04_06,2,tube_hex_hex_proxy
nanotube_zigzag,nanotube_zigzag_n0116--nanotube_zigzag_n0117,nanotube_zigzag_n0116,nanotube_zigzag_n0117,nanotube_zigzag_n0116,nanotube_zigzag_n0117,tube_end_boundary_edge,1,1,nanotube_zigzag_cell_04_00,,1,tube_hex_hex_proxy
nanotube_zigzag,nanotube_zigzag_n0117--nanotube_zigzag_n0118,nanotube_zigzag_n0117,nanotube_zigzag_n0118,nanotube_zigzag_n0117,nanotube_zigzag_n0118,tube_end_boundary_edge,1,1,nanotube_zigzag_cell_04_00,,1,tube_hex_hex_proxy
nanotube_zigzag,nanotube_zigzag_n0113--nanotube_zigzag_n0118,nanotube_zigzag_n0113,nanotube_zigzag_n0118,nanotube_zigzag_n0113,nanotube_zigzag_n0118,circumferential_periodic_join,0,1,nanotube_zigzag_cell_04_00,nanotube_zigzag_cell_04_01,2,tube_hex_hex_proxy
nanotube_zigzag,nanotube_zigzag_n0119--nanotube_zigzag_n0120,nanotube_zigzag_n0119,nanotube_zigzag_n0120,nanotube_zigzag_n0119,nanotube_zigzag_n0120,tube_end_boundary_edge,1,0,nanotube_zigzag_cell_04_01,,1,tube_hex_hex_proxy
nanotube_zigzag,nanotube_zigzag_n0113--nanotube_zigzag_n0120,nanotube_zigzag_n0113,nanotube_zigzag_n0120,nanotube_zigzag_n0113,nanotube_zigzag_n0120,tube_end_boundary_edge,1,0,nanotube_zigzag_cell_04_01,,1,tube_hex_hex_proxy
nanotube_zigzag,nanotube_zigzag_n0118--nanotube_zigzag_n0121,nanotube_zigzag_n0118,nanotube_zigzag_n0121,nanotube_zigzag_n0118,nanotube_zigzag_n0121,tube_end_boundary_edge,1,0,nanotube_zigzag_cell_04_01,,1,tube_hex_hex_proxy
nanotube_zigzag,nanotube_zigzag_n0121--nanotube_zigzag_n0122,nanotube_zigzag_n0121,nanotube_zigzag_n0122,nanotube_zigzag_n0121,nanotube_zigzag_n0122,tube_end_boundary_edge,1,0,nanotube_zigzag_cell_04_01,,1,tube_hex_hex_proxy
nanotube_zigzag,nanotube_zigzag_n0119--nanotube_zigzag_n0122,nanotube_zigzag_n0119,nanotube_zigzag_n0122,nanotube_zigzag_n0119,nanotube_zigzag_n0122,tube_hex_hex_proxy,0,0,nanotube_zigzag_cell_04_01,nanotube_zigzag_cell_04_02,2,tube_hex_hex_proxy
nanotube_zigzag,nanotube_zigzag_n0123--nanotube_zigzag_n0124,nanotube_zigzag_n0123,nanotube_zigzag_n0124,nanotube_zigzag_n0123,nanotube_zigzag_n0124,tube_end_boundary_edge,1,0,nanotube_zigzag_cell_04_02,,1,tube_hex_hex_proxy
nanotube_zigzag,nanotube_zigzag_n0119--nanotube_zigzag_n0124,nanotube_zigzag_n0119,nanotube_zigzag_n0124,nanotube_zigzag_n0119,nanotube_zigzag_n0124,tube_end_boundary_edge,1,0,nanotube_zigzag_cell_04_02,,1,tube_hex_hex_proxy
nanotube_zigzag,nanotube_zigzag_n0122--nanotube_zigzag_n0125,nanotube_zigzag_n0122,nanotube_zigzag_n0125,nanotube_zigzag_n0122,nanotube_zigzag_n0125,tube_end_boundary_edge,1,0,nanotube_zigzag_cell_04_02,,1,tube_hex_hex_proxy
nanotube_zigzag,nanotube_zigzag_n0125--nanotube_zigzag_n0126,nanotube_zigzag_n0125,nanotube_zigzag_n0126,nanotube_zigzag_n0125,nanotube_zigzag_n0126,tube_end_boundary_edge,1,0,nanotube_zigzag_cell_04_02,,1,tube_hex_hex_proxy
nanotube_zigzag,nanotube_zigzag_n0123--nanotube_zigzag_n0126,nanotube_zigzag_n0123,nanotube_zigzag_n0126,nanotube_zigzag_n0123,nanotube_zigzag_n0126,tube_hex_hex_proxy,0,0,nanotube_zigzag_cell_04_02,nanotube_zigzag_cell_04_03,2,tube_hex_hex_proxy
nanotube_zigzag,nanotube_zigzag_n0127--nanotube_zigzag_n0128,nanotube_zigzag_n0127,nanotube_zigzag_n0128,nanotube_zigzag_n0127,nanotube_zigzag_n0128,tube_end_boundary_edge,1,0,nanotube_zigzag_cell_04_03,,1,tube_hex_hex_proxy
nanotube_zigzag,nanotube_zigzag_n0123--nanotube_zigzag_n0128,nanotube_zigzag_n0123,nanotube_zigzag_n0128,nanotube_zigzag_n0123,nanotube_zigzag_n0128,tube_end_boundary_edge,1,0,nanotube_zigzag_cell_04_03,,1,tube_hex_hex_proxy
nanotube_zigzag,nanotube_zigzag_n0126--nanotube_zigzag_n0129,nanotube_zigzag_n0126,nanotube_zigzag_n0129,nanotube_zigzag_n0126,nanotube_zigzag_n0129,tube_end_boundary_edge,1,0,nanotube_zigzag_cell_04_03,,1,tube_hex_hex_proxy
nanotube_zigzag,nanotube_zigzag_n0129--nanotube_zigzag_n0130,nanotube_zigzag_n0129,nanotube_zigzag_n0130,nanotube_zigzag_n0129,nanotube_zigzag_n0130,tube_end_boundary_edge,1,0,nanotube_zigzag_cell_04_03,,1,tube_hex_hex_proxy
nanotube_zigzag,nanotube_zigzag_n0127--nanotube_zigzag_n0130,nanotube_zigzag_n0127,nanotube_zigzag_n0130,nanotube_zigzag_n0127,nanotube_zigzag_n0130,tube_hex_hex_proxy,0,0,nanotube_zigzag_cell_04_03,nanotube_zigzag_cell_04_04,2,tube_hex_hex_proxy
nanotube_zigzag,nanotube_zigzag_n0131--nanotube_zigzag_n0132,nanotube_zigzag_n0131,nanotube_zigzag_n0132,nanotube_zigzag_n0131,nanotube_zigzag_n0132,tube_end_boundary_edge,1,0,nanotube_zigzag_cell_04_04,,1,tube_hex_hex_proxy
nanotube_zigzag,nanotube_zigzag_n0127--nanotube_zigzag_n0132,nanotube_zigzag_n0127,nanotube_zigzag_n0132,nanotube_zigzag_n0127,nanotube_zigzag_n0132,tube_end_boundary_edge,1,0,nanotube_zigzag_cell_04_04,,1,tube_hex_hex_proxy
nanotube_zigzag,nanotube_zigzag_n0130--nanotube_zigzag_n0133,nanotube_zigzag_n0130,nanotube_zigzag_n0133,nanotube_zigzag_n0130,nanotube_zigzag_n0133,tube_end_boundary_edge,1,0,nanotube_zigzag_cell_04_04,,1,tube_hex_hex_proxy
nanotube_zigzag,nanotube_zigzag_n0133--nanotube_zigzag_n0134,nanotube_zigzag_n0133,nanotube_zigzag_n0134,nanotube_zigzag_n0133,nanotube_zigzag_n0134,tube_end_boundary_edge,1,0,nanotube_zigzag_cell_04_04,,1,tube_hex_hex_proxy
nanotube_zigzag,nanotube_zigzag_n0131--nanotube_zigzag_n0134,nanotube_zigzag_n0131,nanotube_zigzag_n0134,nanotube_zigzag_n0131,nanotube_zigzag_n0134,tube_hex_hex_proxy,0,0,nanotube_zigzag_cell_04_04,nanotube_zigzag_cell_04_05,2,tube_hex_hex_proxy
nanotube_zigzag,nanotube_zigzag_n0135--nanotube_zigzag_n0136,nanotube_zigzag_n0135,nanotube_zigzag_n0136,nanotube_zigzag_n0135,nanotube_zigzag_n0136,tube_end_boundary_edge,1,0,nanotube_zigzag_cell_04_05,,1,tube_hex_hex_proxy
nanotube_zigzag,nanotube_zigzag_n0131--nanotube_zigzag_n0136,nanotube_zigzag_n0131,nanotube_zigzag_n0136,nanotube_zigzag_n0131,nanotube_zigzag_n0136,tube_end_boundary_edge,1,0,nanotube_zigzag_cell_04_05,,1,tube_hex_hex_proxy
nanotube_zigzag,nanotube_zigzag_n0134--nanotube_zigzag_n0137,nanotube_zigzag_n0134,nanotube_zigzag_n0137,nanotube_zigzag_n0134,nanotube_zigzag_n0137,tube_end_boundary_edge,1,0,nanotube_zigzag_cell_04_05,,1,tube_hex_hex_proxy
nanotube_zigzag,nanotube_zigzag_n0137--nanotube_zigzag_n0138,nanotube_zigzag_n0137,nanotube_zigzag_n0138,nanotube_zigzag_n0137,nanotube_zigzag_n0138,tube_end_boundary_edge,1,0,nanotube_zigzag_cell_04_05,,1,tube_hex_hex_proxy
nanotube_zigzag,nanotube_zigzag_n0135--nanotube_zigzag_n0138,nanotube_zigzag_n0135,nanotube_zigzag_n0138,nanotube_zigzag_n0135,nanotube_zigzag_n0138,circumferential_periodic_join,0,1,nanotube_zigzag_cell_04_05,nanotube_zigzag_cell_04_06,2,tube_hex_hex_proxy
nanotube_zigzag,nanotube_zigzag_n0115--nanotube_zigzag_n0139,nanotube_zigzag_n0115,nanotube_zigzag_n0139,nanotube_zigzag_n0115,nanotube_zigzag_n0139,tube_end_boundary_edge,1,1,nanotube_zigzag_cell_04_06,,1,tube_hex_hex_proxy
nanotube_zigzag,nanotube_zigzag_n0135--nanotube_zigzag_n0139,nanotube_zigzag_n0135,nanotube_zigzag_n0139,nanotube_zigzag_n0135,nanotube_zigzag_n0139,tube_end_boundary_edge,1,1,nanotube_zigzag_cell_04_06,,1,tube_hex_hex_proxy
nanotube_zigzag,nanotube_zigzag_n0138--nanotube_zigzag_n0140,nanotube_zigzag_n0138,nanotube_zigzag_n0140,nanotube_zigzag_n0138,nanotube_zigzag_n0140,tube_end_boundary_edge,1,1,nanotube_zigzag_cell_04_06,,1,tube_hex_hex_proxy
nanotube_zigzag,nanotube_zigzag_n0116--nanotube_zigzag_n0140,nanotube_zigzag_n0116,nanotube_zigzag_n0140,nanotube_zigzag_n0116,nanotube_zigzag_n0140,tube_end_boundary_edge,1,1,nanotube_zigzag_cell_04_06,,1,tube_hex_hex_proxy
nanotube_zigzag,nanotube_zigzag_n0141--nanotube_zigzag_n0142,nanotube_zigzag_n0141,nanotube_zigzag_n0142,nanotube_zigzag_n0141,nanotube_zigzag_n0142,tube_end_boundary_edge,1,1,nanotube_zigzag_cell_05_00,,1,tube_hex_hex_proxy
nanotube_zigzag,nanotube_zigzag_n0142--nanotube_zigzag_n0143,nanotube_zigzag_n0142,nanotube_zigzag_n0143,nanotube_zigzag_n0142,nanotube_zigzag_n0143,tube_end_boundary_edge,1,1,nanotube_zigzag_cell_05_00,,1,tube_hex_hex_proxy
nanotube_zigzag,nanotube_zigzag_n0143--nanotube_zigzag_n0144,nanotube_zigzag_n0143,nanotube_zigzag_n0144,nanotube_zigzag_n0143,nanotube_zigzag_n0144,circumferential_periodic_join,0,1,nanotube_zigzag_cell_05_00,nanotube_zigzag_cell_05_06,2,tube_hex_hex_proxy
nanotube_zigzag,nanotube_zigzag_n0144--nanotube_zigzag_n0145,nanotube_zigzag_n0144,nanotube_zigzag_n0145,nanotube_zigzag_n0144,nanotube_zigzag_n0145,tube_end_boundary_edge,1,1,nanotube_zigzag_cell_05_00,,1,tube_hex_hex_proxy
nanotube_zigzag,nanotube_zigzag_n0145--nanotube_zigzag_n0146,nanotube_zigzag_n0145,nanotube_zigzag_n0146,nanotube_zigzag_n0145,nanotube_zigzag_n0146,tube_end_boundary_edge,1,1,nanotube_zigzag_cell_05_00,,1,tube_hex_hex_proxy
nanotube_zigzag,nanotube_zigzag_n0141--nanotube_zigzag_n0146,nanotube_zigzag_n0141,nanotube_zigzag_n0146,nanotube_zigzag_n0141,nanotube_zigzag_n0146,circumferential_periodic_join,0,1,nanotube_zigzag_cell_05_00,nanotube_zigzag_cell_05_01,2,tube_hex_hex_proxy
nanotube_zigzag,nanotube_zigzag_n0147--nanotube_zigzag_n0148,nanotube_zigzag_n0147,nanotube_zigzag_n0148,nanotube_zigzag_n0147,nanotube_zigzag_n0148,tube_end_boundary_edge,1,0,nanotube_zigzag_cell_05_01,,1,tube_hex_hex_proxy
nanotube_zigzag,nanotube_zigzag_n0141--nanotube_zigzag_n0148,nanotube_zigzag_n0141,nanotube_zigzag_n0148,nanotube_zigzag_n0141,nanotube_zigzag_n0148,tube_end_boundary_edge,1,0,nanotube_zigzag_cell_05_01,,1,tube_hex_hex_proxy
nanotube_zigzag,nanotube_zigzag_n0146--nanotube_zigzag_n0149,nanotube_zigzag_n0146,nanotube_zigzag_n0149,nanotube_zigzag_n0146,nanotube_zigzag_n0149,tube_end_boundary_edge,1,0,nanotube_zigzag_cell_05_01,,1,tube_hex_hex_proxy
nanotube_zigzag,nanotube_zigzag_n0149--nanotube_zigzag_n0150,nanotube_zigzag_n0149,nanotube_zigzag_n0150,nanotube_zigzag_n0149,nanotube_zigzag_n0150,tube_end_boundary_edge,1,0,nanotube_zigzag_cell_05_01,,1,tube_hex_hex_proxy
nanotube_zigzag,nanotube_zigzag_n0147--nanotube_zigzag_n0150,nanotube_zigzag_n0147,nanotube_zigzag_n0150,nanotube_zigzag_n0147,nanotube_zigzag_n0150,tube_hex_hex_proxy,0,0,nanotube_zigzag_cell_05_01,nanotube_zigzag_cell_05_02,2,tube_hex_hex_proxy
nanotube_zigzag,nanotube_zigzag_n0151--nanotube_zigzag_n0152,nanotube_zigzag_n0151,nanotube_zigzag_n0152,nanotube_zigzag_n0151,nanotube_zigzag_n0152,tube_end_boundary_edge,1,0,nanotube_zigzag_cell_05_02,,1,tube_hex_hex_proxy
nanotube_zigzag,nanotube_zigzag_n0147--nanotube_zigzag_n0152,nanotube_zigzag_n0147,nanotube_zigzag_n0152,nanotube_zigzag_n0147,nanotube_zigzag_n0152,tube_end_boundary_edge,1,0,nanotube_zigzag_cell_05_02,,1,tube_hex_hex_proxy
nanotube_zigzag,nanotube_zigzag_n0150--nanotube_zigzag_n0153,nanotube_zigzag_n0150,nanotube_zigzag_n0153,nanotube_zigzag_n0150,nanotube_zigzag_n0153,tube_end_boundary_edge,1,0,nanotube_zigzag_cell_05_02,,1,tube_hex_hex_proxy
nanotube_zigzag,nanotube_zigzag_n0153--nanotube_zigzag_n0154,nanotube_zigzag_n0153,nanotube_zigzag_n0154,nanotube_zigzag_n0153,nanotube_zigzag_n0154,tube_end_boundary_edge,1,0,nanotube_zigzag_cell_05_02,,1,tube_hex_hex_proxy
nanotube_zigzag,nanotube_zigzag_n0151--nanotube_zigzag_n0154,nanotube_zigzag_n0151,nanotube_zigzag_n0154,nanotube_zigzag_n0151,nanotube_zigzag_n0154,tube_hex_hex_proxy,0,0,nanotube_zigzag_cell_05_02,nanotube_zigzag_cell_05_03,2,tube_hex_hex_proxy
nanotube_zigzag,nanotube_zigzag_n0155--nanotube_zigzag_n0156,nanotube_zigzag_n0155,nanotube_zigzag_n0156,nanotube_zigzag_n0155,nanotube_zigzag_n0156,tube_end_boundary_edge,1,0,nanotube_zigzag_cell_05_03,,1,tube_hex_hex_proxy
nanotube_zigzag,nanotube_zigzag_n0151--nanotube_zigzag_n0156,nanotube_zigzag_n0151,nanotube_zigzag_n0156,nanotube_zigzag_n0151,nanotube_zigzag_n0156,tube_end_boundary_edge,1,0,nanotube_zigzag_cell_05_03,,1,tube_hex_hex_proxy
nanotube_zigzag,nanotube_zigzag_n0154--nanotube_zigzag_n0157,nanotube_zigzag_n0154,nanotube_zigzag_n0157,nanotube_zigzag_n0154,nanotube_zigzag_n0157,tube_end_boundary_edge,1,0,nanotube_zigzag_cell_05_03,,1,tube_hex_hex_proxy
nanotube_zigzag,nanotube_zigzag_n0157--nanotube_zigzag_n0158,nanotube_zigzag_n0157,nanotube_zigzag_n0158,nanotube_zigzag_n0157,nanotube_zigzag_n0158,tube_end_boundary_edge,1,0,nanotube_zigzag_cell_05_03,,1,tube_hex_hex_proxy
nanotube_zigzag,nanotube_zigzag_n0155--nanotube_zigzag_n0158,nanotube_zigzag_n0155,nanotube_zigzag_n0158,nanotube_zigzag_n0155,nanotube_zigzag_n0158,tube_hex_hex_proxy,0,0,nanotube_zigzag_cell_05_03,nanotube_zigzag_cell_05_04,2,tube_hex_hex_proxy
nanotube_zigzag,nanotube_zigzag_n0159--nanotube_zigzag_n0160,nanotube_zigzag_n0159,nanotube_zigzag_n0160,nanotube_zigzag_n0159,nanotube_zigzag_n0160,tube_end_boundary_edge,1,0,nanotube_zigzag_cell_05_04,,1,tube_hex_hex_proxy
nanotube_zigzag,nanotube_zigzag_n0155--nanotube_zigzag_n0160,nanotube_zigzag_n0155,nanotube_zigzag_n0160,nanotube_zigzag_n0155,nanotube_zigzag_n0160,tube_end_boundary_edge,1,0,nanotube_zigzag_cell_05_04,,1,tube_hex_hex_proxy
nanotube_zigzag,nanotube_zigzag_n0158--nanotube_zigzag_n0161,nanotube_zigzag_n0158,nanotube_zigzag_n0161,nanotube_zigzag_n0158,nanotube_zigzag_n0161,tube_end_boundary_edge,1,0,nanotube_zigzag_cell_05_04,,1,tube_hex_hex_proxy
nanotube_zigzag,nanotube_zigzag_n0161--nanotube_zigzag_n0162,nanotube_zigzag_n0161,nanotube_zigzag_n0162,nanotube_zigzag_n0161,nanotube_zigzag_n0162,tube_end_boundary_edge,1,0,nanotube_zigzag_cell_05_04,,1,tube_hex_hex_proxy
nanotube_zigzag,nanotube_zigzag_n0159--nanotube_zigzag_n0162,nanotube_zigzag_n0159,nanotube_zigzag_n0162,nanotube_zigzag_n0159,nanotube_zigzag_n0162,tube_hex_hex_proxy,0,0,nanotube_zigzag_cell_05_04,nanotube_zigzag_cell_05_05,2,tube_hex_hex_proxy
nanotube_zigzag,nanotube_zigzag_n0163--nanotube_zigzag_n0164,nanotube_zigzag_n0163,nanotube_zigzag_n0164,nanotube_zigzag_n0163,nanotube_zigzag_n0164,tube_end_boundary_edge,1,0,nanotube_zigzag_cell_05_05,,1,tube_hex_hex_proxy
nanotube_zigzag,nanotube_zigzag_n0159--nanotube_zigzag_n0164,nanotube_zigzag_n0159,nanotube_zigzag_n0164,nanotube_zigzag_n0159,nanotube_zigzag_n0164,tube_end_boundary_edge,1,0,nanotube_zigzag_cell_05_05,,1,tube_hex_hex_proxy
nanotube_zigzag,nanotube_zigzag_n0162--nanotube_zigzag_n0165,nanotube_zigzag_n0162,nanotube_zigzag_n0165,nanotube_zigzag_n0162,nanotube_zigzag_n0165,tube_end_boundary_edge,1,0,nanotube_zigzag_cell_05_05,,1,tube_hex_hex_proxy
nanotube_zigzag,nanotube_zigzag_n0165--nanotube_zigzag_n0166,nanotube_zigzag_n0165,nanotube_zigzag_n0166,nanotube_zigzag_n0165,nanotube_zigzag_n0166,tube_end_boundary_edge,1,0,nanotube_zigzag_cell_05_05,,1,tube_hex_hex_proxy
nanotube_zigzag,nanotube_zigzag_n0163--nanotube_zigzag_n0166,nanotube_zigzag_n0163,nanotube_zigzag_n0166,nanotube_zigzag_n0163,nanotube_zigzag_n0166,circumferential_periodic_join,0,1,nanotube_zigzag_cell_05_05,nanotube_zigzag_cell_05_06,2,tube_hex_hex_proxy
nanotube_zigzag,nanotube_zigzag_n0143--nanotube_zigzag_n0167,nanotube_zigzag_n0143,nanotube_zigzag_n0167,nanotube_zigzag_n0143,nanotube_zigzag_n0167,tube_end_boundary_edge,1,1,nanotube_zigzag_cell_05_06,,1,tube_hex_hex_proxy
nanotube_zigzag,nanotube_zigzag_n0163--nanotube_zigzag_n0167,nanotube_zigzag_n0163,nanotube_zigzag_n0167,nanotube_zigzag_n0163,nanotube_zigzag_n0167,tube_end_boundary_edge,1,1,nanotube_zigzag_cell_05_06,,1,tube_hex_hex_proxy
nanotube_zigzag,nanotube_zigzag_n0166--nanotube_zigzag_n0168,nanotube_zigzag_n0166,nanotube_zigzag_n0168,nanotube_zigzag_n0166,nanotube_zigzag_n0168,tube_end_boundary_edge,1,1,nanotube_zigzag_cell_05_06,,1,tube_hex_hex_proxy
nanotube_zigzag,nanotube_zigzag_n0144--nanotube_zigzag_n0168,nanotube_zigzag_n0144,nanotube_zigzag_n0168,nanotube_zigzag_n0144,nanotube_zigzag_n0168,tube_end_boundary_edge,1,1,nanotube_zigzag_cell_05_06,,1,tube_hex_hex_proxy
